scenario,trigger_freq,mean_loss_ratio,VaR_95,VaR_99,prob_over_90pct
base,0.1599,0.2663821892393319,2.226345083487941,2.226345083487941,0.1599
chronic_drying,0.247,0.42307977736549157,2.226345083487941,3.7105751391465676,0.247
more_erratic,0.2267,0.43632653061224463,2.226345083487941,3.7105751391465676,0.2267
fatter_tail,0.176,0.3379220779220777,2.226345083487941,3.7105751391465676,0.176
combined_stress,0.3105,0.6938404452690171,3.7105751391465676,3.7105751391465676,0.3105
