threshold_set,trigger_frequency,mean_payout_per_ha,mean_loss_ratio
tight,0.112,2873.400000000002,0.17769944341372915
base,0.1659,4405.799999999993,0.2724675324675325
loose,0.2322,6502.799999999996,0.4021521335807047
