"scenario","mean_loss","sd_loss","prob_zero_loss","VaR_90","VaR_95","VaR_99","TVaR_95","TVaR_99"
"base",1337.2345433165,5393.53547848326,0.4174,2263.1266042848,5989.45316884919,27066.2334315355,18861.2757768544,44004.9667571545
"el_nino_regime",1191.14937762963,4793.36685051163,0.2129,2040.98425913039,6019.80840738259,23609.9738297999,17116.8763160485,38132.9808276635
"heavy_rain_regime",2492.57299192319,7794.60860318237,0.1924,5716.97138779447,13831.1785791352,42229.5451594064,30886.6322638493,57216.1951154809
"climate_trend_10yr",185.380558932525,880.523582311644,0.40805,314.454097042636,768.155144279252,3599.08006911288,2660.55475196627,6785.43984103081
